cartpole.onnx,cartpole_case_unsafe_0.vnnlib,10
cartpole.onnx,cartpole_case_unsafe_1.vnnlib,3
cartpole.onnx,cartpole_case_unsafe_2.vnnlib,5
cartpole.onnx,cartpole_case_unsafe_3.vnnlib,4
cartpole.onnx,cartpole_case_unsafe_4.vnnlib,6
cartpole.onnx,cartpole_case_unsafe_5.vnnlib,5
cartpole.onnx,cartpole_case_unsafe_6.vnnlib,8
cartpole.onnx,cartpole_case_unsafe_7.vnnlib,3
cartpole.onnx,cartpole_case_unsafe_8.vnnlib,9
cartpole.onnx,cartpole_case_safe_9.vnnlib,9
cartpole.onnx,cartpole_case_unsafe_10.vnnlib,7
cartpole.onnx,cartpole_case_unsafe_11.vnnlib,7
cartpole.onnx,cartpole_case_unsafe_12.vnnlib,2
cartpole.onnx,cartpole_case_unsafe_13.vnnlib,6
cartpole.onnx,cartpole_case_safe_14.vnnlib,9
cartpole.onnx,cartpole_case_unsafe_15.vnnlib,8
cartpole.onnx,cartpole_case_unsafe_16.vnnlib,7
cartpole.onnx,cartpole_case_unsafe_17.vnnlib,1
cartpole.onnx,cartpole_case_unsafe_18.vnnlib,4
cartpole.onnx,cartpole_case_unsafe_19.vnnlib,6
cartpole.onnx,cartpole_case_unsafe_20.vnnlib,5
cartpole.onnx,cartpole_case_unsafe_21.vnnlib,3
cartpole.onnx,cartpole_case_unsafe_22.vnnlib,7
cartpole.onnx,cartpole_case_unsafe_23.vnnlib,5
cartpole.onnx,cartpole_case_unsafe_24.vnnlib,8
cartpole.onnx,cartpole_case_unsafe_25.vnnlib,4
cartpole.onnx,cartpole_case_unsafe_26.vnnlib,3
cartpole.onnx,cartpole_case_safe_27.vnnlib,8
cartpole.onnx,cartpole_case_unsafe_28.vnnlib,5
cartpole.onnx,cartpole_case_unsafe_29.vnnlib,5
cartpole.onnx,cartpole_case_unsafe_30.vnnlib,5
cartpole.onnx,cartpole_case_unsafe_31.vnnlib,5
cartpole.onnx,cartpole_case_unsafe_32.vnnlib,4
cartpole.onnx,cartpole_case_unsafe_33.vnnlib,3
cartpole.onnx,cartpole_case_unsafe_34.vnnlib,3
cartpole.onnx,cartpole_case_unsafe_35.vnnlib,2
cartpole.onnx,cartpole_case_unsafe_36.vnnlib,5
cartpole.onnx,cartpole_case_unsafe_37.vnnlib,1
cartpole.onnx,cartpole_case_unsafe_38.vnnlib,7
cartpole.onnx,cartpole_case_safe_39.vnnlib,6
cartpole.onnx,cartpole_case_unsafe_40.vnnlib,7
cartpole.onnx,cartpole_case_unsafe_41.vnnlib,3
cartpole.onnx,cartpole_case_unsafe_42.vnnlib,2
cartpole.onnx,cartpole_case_unsafe_43.vnnlib,5
cartpole.onnx,cartpole_case_unsafe_44.vnnlib,3
cartpole.onnx,cartpole_case_safe_45.vnnlib,1
cartpole.onnx,cartpole_case_safe_46.vnnlib,1
cartpole.onnx,cartpole_case_safe_47.vnnlib,1
cartpole.onnx,cartpole_case_safe_48.vnnlib,1
cartpole.onnx,cartpole_case_safe_49.vnnlib,1
cartpole.onnx,cartpole_case_safe_50.vnnlib,1
cartpole.onnx,cartpole_case_safe_51.vnnlib,1
cartpole.onnx,cartpole_case_safe_52.vnnlib,1
cartpole.onnx,cartpole_case_safe_53.vnnlib,1
cartpole.onnx,cartpole_case_safe_54.vnnlib,1
cartpole.onnx,cartpole_case_safe_55.vnnlib,1
cartpole.onnx,cartpole_case_safe_56.vnnlib,1
cartpole.onnx,cartpole_case_safe_57.vnnlib,1
cartpole.onnx,cartpole_case_safe_58.vnnlib,1
cartpole.onnx,cartpole_case_safe_59.vnnlib,1
cartpole.onnx,cartpole_case_safe_60.vnnlib,1
cartpole.onnx,cartpole_case_safe_61.vnnlib,1
cartpole.onnx,cartpole_case_safe_62.vnnlib,1
cartpole.onnx,cartpole_case_safe_63.vnnlib,1
cartpole.onnx,cartpole_case_safe_64.vnnlib,1
cartpole.onnx,cartpole_case_safe_65.vnnlib,1
cartpole.onnx,cartpole_case_safe_66.vnnlib,1
cartpole.onnx,cartpole_case_safe_67.vnnlib,1
cartpole.onnx,cartpole_case_safe_68.vnnlib,1
cartpole.onnx,cartpole_case_safe_69.vnnlib,1
cartpole.onnx,cartpole_case_safe_70.vnnlib,1
cartpole.onnx,cartpole_case_safe_71.vnnlib,1
cartpole.onnx,cartpole_case_safe_72.vnnlib,1
cartpole.onnx,cartpole_case_safe_73.vnnlib,1
cartpole.onnx,cartpole_case_safe_74.vnnlib,1
cartpole.onnx,cartpole_case_safe_75.vnnlib,1
cartpole.onnx,cartpole_case_safe_76.vnnlib,1
cartpole.onnx,cartpole_case_safe_77.vnnlib,1
cartpole.onnx,cartpole_case_safe_78.vnnlib,1
cartpole.onnx,cartpole_case_safe_79.vnnlib,1
cartpole.onnx,cartpole_case_safe_80.vnnlib,1
cartpole.onnx,cartpole_case_safe_81.vnnlib,1
cartpole.onnx,cartpole_case_safe_82.vnnlib,1
cartpole.onnx,cartpole_case_safe_83.vnnlib,1
cartpole.onnx,cartpole_case_safe_84.vnnlib,1
cartpole.onnx,cartpole_case_safe_85.vnnlib,1
cartpole.onnx,cartpole_case_safe_86.vnnlib,1
cartpole.onnx,cartpole_case_safe_87.vnnlib,1
cartpole.onnx,cartpole_case_safe_88.vnnlib,1
cartpole.onnx,cartpole_case_safe_89.vnnlib,1
cartpole.onnx,cartpole_case_safe_90.vnnlib,1
cartpole.onnx,cartpole_case_safe_91.vnnlib,1
cartpole.onnx,cartpole_case_safe_92.vnnlib,1
cartpole.onnx,cartpole_case_safe_93.vnnlib,1
cartpole.onnx,cartpole_case_safe_94.vnnlib,1
cartpole.onnx,cartpole_case_safe_95.vnnlib,1
cartpole.onnx,cartpole_case_safe_96.vnnlib,1
cartpole.onnx,cartpole_case_safe_97.vnnlib,1
cartpole.onnx,cartpole_case_safe_98.vnnlib,1
cartpole.onnx,cartpole_case_safe_99.vnnlib,1
lunarlander.onnx,lunarlander_case_safe_0.vnnlib,73
lunarlander.onnx,lunarlander_case_safe_1.vnnlib,119
lunarlander.onnx,lunarlander_case_safe_2.vnnlib,112
lunarlander.onnx,lunarlander_case_unsafe_3.vnnlib,164
lunarlander.onnx,lunarlander_case_unsafe_4.vnnlib,60
lunarlander.onnx,lunarlander_case_safe_5.vnnlib,146
lunarlander.onnx,lunarlander_case_safe_6.vnnlib,92
lunarlander.onnx,lunarlander_case_safe_7.vnnlib,90
lunarlander.onnx,lunarlander_case_safe_8.vnnlib,11
lunarlander.onnx,lunarlander_case_safe_9.vnnlib,85
lunarlander.onnx,lunarlander_case_safe_10.vnnlib,53
lunarlander.onnx,lunarlander_case_safe_11.vnnlib,17
lunarlander.onnx,lunarlander_case_safe_12.vnnlib,3
lunarlander.onnx,lunarlander_case_safe_13.vnnlib,35
lunarlander.onnx,lunarlander_case_safe_14.vnnlib,10
lunarlander.onnx,lunarlander_case_safe_15.vnnlib,55
lunarlander.onnx,lunarlander_case_unsafe_16.vnnlib,61
lunarlander.onnx,lunarlander_case_safe_17.vnnlib,53
lunarlander.onnx,lunarlander_case_safe_18.vnnlib,7
lunarlander.onnx,lunarlander_case_safe_19.vnnlib,29
lunarlander.onnx,lunarlander_case_unsafe_20.vnnlib,52
lunarlander.onnx,lunarlander_case_safe_21.vnnlib,32
lunarlander.onnx,lunarlander_case_safe_22.vnnlib,22
lunarlander.onnx,lunarlander_case_safe_23.vnnlib,17
lunarlander.onnx,lunarlander_case_safe_24.vnnlib,4
lunarlander.onnx,lunarlander_case_safe_25.vnnlib,31
lunarlander.onnx,lunarlander_case_safe_26.vnnlib,51
lunarlander.onnx,lunarlander_case_safe_27.vnnlib,4
lunarlander.onnx,lunarlander_case_unsafe_28.vnnlib,36
lunarlander.onnx,lunarlander_case_safe_29.vnnlib,35
lunarlander.onnx,lunarlander_case_safe_30.vnnlib,31
lunarlander.onnx,lunarlander_case_safe_31.vnnlib,26
lunarlander.onnx,lunarlander_case_safe_32.vnnlib,27
lunarlander.onnx,lunarlander_case_safe_33.vnnlib,8
lunarlander.onnx,lunarlander_case_safe_34.vnnlib,36
lunarlander.onnx,lunarlander_case_unsafe_35.vnnlib,16
lunarlander.onnx,lunarlander_case_safe_36.vnnlib,4
lunarlander.onnx,lunarlander_case_safe_37.vnnlib,42
lunarlander.onnx,lunarlander_case_safe_38.vnnlib,18
lunarlander.onnx,lunarlander_case_safe_39.vnnlib,14
lunarlander.onnx,lunarlander_case_safe_40.vnnlib,11
lunarlander.onnx,lunarlander_case_safe_41.vnnlib,9
lunarlander.onnx,lunarlander_case_safe_42.vnnlib,5
lunarlander.onnx,lunarlander_case_safe_43.vnnlib,15
lunarlander.onnx,lunarlander_case_safe_44.vnnlib,6
lunarlander.onnx,lunarlander_case_unsafe_45.vnnlib,20
lunarlander.onnx,lunarlander_case_safe_46.vnnlib,39
lunarlander.onnx,lunarlander_case_safe_47.vnnlib,20
lunarlander.onnx,lunarlander_case_safe_48.vnnlib,18
lunarlander.onnx,lunarlander_case_safe_49.vnnlib,29
lunarlander.onnx,lunarlander_case_safe_50.vnnlib,35
lunarlander.onnx,lunarlander_case_unsafe_51.vnnlib,15
lunarlander.onnx,lunarlander_case_safe_52.vnnlib,25
lunarlander.onnx,lunarlander_case_safe_53.vnnlib,5
lunarlander.onnx,lunarlander_case_unsafe_54.vnnlib,4
lunarlander.onnx,lunarlander_case_safe_55.vnnlib,15
lunarlander.onnx,lunarlander_case_safe_56.vnnlib,17
lunarlander.onnx,lunarlander_case_safe_57.vnnlib,21
lunarlander.onnx,lunarlander_case_safe_58.vnnlib,16
lunarlander.onnx,lunarlander_case_safe_59.vnnlib,34
lunarlander.onnx,lunarlander_case_safe_60.vnnlib,26
lunarlander.onnx,lunarlander_case_unsafe_61.vnnlib,13
lunarlander.onnx,lunarlander_case_safe_62.vnnlib,28
lunarlander.onnx,lunarlander_case_safe_63.vnnlib,29
lunarlander.onnx,lunarlander_case_unsafe_64.vnnlib,21
lunarlander.onnx,lunarlander_case_unsafe_65.vnnlib,13
lunarlander.onnx,lunarlander_case_safe_66.vnnlib,3
lunarlander.onnx,lunarlander_case_unsafe_67.vnnlib,7
lunarlander.onnx,lunarlander_case_safe_68.vnnlib,6
lunarlander.onnx,lunarlander_case_unsafe_69.vnnlib,15
lunarlander.onnx,lunarlander_case_unsafe_70.vnnlib,24
lunarlander.onnx,lunarlander_case_safe_71.vnnlib,5
lunarlander.onnx,lunarlander_case_unsafe_72.vnnlib,16
lunarlander.onnx,lunarlander_case_unsafe_73.vnnlib,12
lunarlander.onnx,lunarlander_case_safe_74.vnnlib,8
lunarlander.onnx,lunarlander_case_unsafe_75.vnnlib,11
lunarlander.onnx,lunarlander_case_unsafe_76.vnnlib,5
lunarlander.onnx,lunarlander_case_safe_77.vnnlib,5
lunarlander.onnx,lunarlander_case_unsafe_78.vnnlib,19
lunarlander.onnx,lunarlander_case_safe_79.vnnlib,16
lunarlander.onnx,lunarlander_case_safe_80.vnnlib,4
lunarlander.onnx,lunarlander_case_safe_81.vnnlib,15
lunarlander.onnx,lunarlander_case_unsafe_82.vnnlib,12
lunarlander.onnx,lunarlander_case_safe_83.vnnlib,15
lunarlander.onnx,lunarlander_case_unsafe_84.vnnlib,3
lunarlander.onnx,lunarlander_case_unsafe_85.vnnlib,2
lunarlander.onnx,lunarlander_case_safe_86.vnnlib,2
lunarlander.onnx,lunarlander_case_safe_87.vnnlib,15
lunarlander.onnx,lunarlander_case_safe_88.vnnlib,4
lunarlander.onnx,lunarlander_case_safe_89.vnnlib,12
lunarlander.onnx,lunarlander_case_unsafe_90.vnnlib,9
lunarlander.onnx,lunarlander_case_unsafe_91.vnnlib,9
lunarlander.onnx,lunarlander_case_unsafe_92.vnnlib,11
lunarlander.onnx,lunarlander_case_unsafe_93.vnnlib,12
lunarlander.onnx,lunarlander_case_unsafe_94.vnnlib,12
lunarlander.onnx,lunarlander_case_unsafe_95.vnnlib,4
lunarlander.onnx,lunarlander_case_unsafe_96.vnnlib,10
lunarlander.onnx,lunarlander_case_unsafe_97.vnnlib,8
lunarlander.onnx,lunarlander_case_unsafe_98.vnnlib,7
lunarlander.onnx,lunarlander_case_unsafe_99.vnnlib,8
dubinsrejoin.onnx,dubinsrejoin_case_safe_0.vnnlib,4085
dubinsrejoin.onnx,dubinsrejoin_case_safe_1.vnnlib,1132
dubinsrejoin.onnx,dubinsrejoin_case_unsafe_2.vnnlib,740
dubinsrejoin.onnx,dubinsrejoin_case_safe_3.vnnlib,1517
dubinsrejoin.onnx,dubinsrejoin_case_unsafe_4.vnnlib,566
dubinsrejoin.onnx,dubinsrejoin_case_unsafe_5.vnnlib,1263
dubinsrejoin.onnx,dubinsrejoin_case_safe_6.vnnlib,989
dubinsrejoin.onnx,dubinsrejoin_case_unsafe_7.vnnlib,451
dubinsrejoin.onnx,dubinsrejoin_case_unsafe_8.vnnlib,85
dubinsrejoin.onnx,dubinsrejoin_case_unsafe_9.vnnlib,331
dubinsrejoin.onnx,dubinsrejoin_case_safe_10.vnnlib,596
dubinsrejoin.onnx,dubinsrejoin_case_unsafe_11.vnnlib,453
dubinsrejoin.onnx,dubinsrejoin_case_safe_12.vnnlib,632
dubinsrejoin.onnx,dubinsrejoin_case_safe_13.vnnlib,308
dubinsrejoin.onnx,dubinsrejoin_case_safe_14.vnnlib,33
dubinsrejoin.onnx,dubinsrejoin_case_safe_15.vnnlib,64
dubinsrejoin.onnx,dubinsrejoin_case_safe_16.vnnlib,217
dubinsrejoin.onnx,dubinsrejoin_case_safe_17.vnnlib,41
dubinsrejoin.onnx,dubinsrejoin_case_unsafe_18.vnnlib,80
dubinsrejoin.onnx,dubinsrejoin_case_unsafe_19.vnnlib,169
dubinsrejoin.onnx,dubinsrejoin_case_unsafe_20.vnnlib,165
dubinsrejoin.onnx,dubinsrejoin_case_unsafe_21.vnnlib,86
dubinsrejoin.onnx,dubinsrejoin_case_unsafe_22.vnnlib,57
dubinsrejoin.onnx,dubinsrejoin_case_unsafe_23.vnnlib,99
dubinsrejoin.onnx,dubinsrejoin_case_unsafe_24.vnnlib,99
dubinsrejoin.onnx,dubinsrejoin_case_unsafe_25.vnnlib,97
dubinsrejoin.onnx,dubinsrejoin_case_unsafe_26.vnnlib,88
dubinsrejoin.onnx,dubinsrejoin_case_unsafe_27.vnnlib,60
dubinsrejoin.onnx,dubinsrejoin_case_unsafe_28.vnnlib,45
dubinsrejoin.onnx,dubinsrejoin_case_unsafe_29.vnnlib,13
dubinsrejoin.onnx,dubinsrejoin_case_unsafe_30.vnnlib,21
dubinsrejoin.onnx,dubinsrejoin_case_unsafe_31.vnnlib,20
dubinsrejoin.onnx,dubinsrejoin_case_unsafe_32.vnnlib,5
dubinsrejoin.onnx,dubinsrejoin_case_unsafe_33.vnnlib,38
dubinsrejoin.onnx,dubinsrejoin_case_unsafe_34.vnnlib,30
dubinsrejoin.onnx,dubinsrejoin_case_unsafe_35.vnnlib,20
dubinsrejoin.onnx,dubinsrejoin_case_unsafe_36.vnnlib,7
dubinsrejoin.onnx,dubinsrejoin_case_unsafe_37.vnnlib,22
dubinsrejoin.onnx,dubinsrejoin_case_unsafe_38.vnnlib,20
dubinsrejoin.onnx,dubinsrejoin_case_unsafe_39.vnnlib,10
dubinsrejoin.onnx,dubinsrejoin_case_unsafe_40.vnnlib,4
dubinsrejoin.onnx,dubinsrejoin_case_unsafe_41.vnnlib,13
dubinsrejoin.onnx,dubinsrejoin_case_unsafe_42.vnnlib,21
dubinsrejoin.onnx,dubinsrejoin_case_unsafe_43.vnnlib,3
dubinsrejoin.onnx,dubinsrejoin_case_unsafe_44.vnnlib,16
dubinsrejoin.onnx,dubinsrejoin_case_unsafe_45.vnnlib,10
dubinsrejoin.onnx,dubinsrejoin_case_unsafe_46.vnnlib,2
dubinsrejoin.onnx,dubinsrejoin_case_unsafe_47.vnnlib,20
dubinsrejoin.onnx,dubinsrejoin_case_unsafe_48.vnnlib,3
dubinsrejoin.onnx,dubinsrejoin_case_unsafe_49.vnnlib,7
dubinsrejoin.onnx,dubinsrejoin_case_unsafe_50.vnnlib,7
dubinsrejoin.onnx,dubinsrejoin_case_unsafe_51.vnnlib,17
dubinsrejoin.onnx,dubinsrejoin_case_unsafe_52.vnnlib,2
dubinsrejoin.onnx,dubinsrejoin_case_unsafe_53.vnnlib,4
dubinsrejoin.onnx,dubinsrejoin_case_unsafe_54.vnnlib,11
dubinsrejoin.onnx,dubinsrejoin_case_unsafe_55.vnnlib,3
dubinsrejoin.onnx,dubinsrejoin_case_unsafe_56.vnnlib,6
dubinsrejoin.onnx,dubinsrejoin_case_unsafe_57.vnnlib,9
dubinsrejoin.onnx,dubinsrejoin_case_unsafe_58.vnnlib,3
dubinsrejoin.onnx,dubinsrejoin_case_unsafe_59.vnnlib,5
dubinsrejoin.onnx,dubinsrejoin_case_unsafe_60.vnnlib,3
dubinsrejoin.onnx,dubinsrejoin_case_unsafe_61.vnnlib,5
dubinsrejoin.onnx,dubinsrejoin_case_unsafe_62.vnnlib,4
dubinsrejoin.onnx,dubinsrejoin_case_unsafe_63.vnnlib,12
dubinsrejoin.onnx,dubinsrejoin_case_unsafe_64.vnnlib,3
dubinsrejoin.onnx,dubinsrejoin_case_unsafe_65.vnnlib,2
dubinsrejoin.onnx,dubinsrejoin_case_unsafe_66.vnnlib,3
dubinsrejoin.onnx,dubinsrejoin_case_unsafe_67.vnnlib,12
dubinsrejoin.onnx,dubinsrejoin_case_unsafe_68.vnnlib,5
dubinsrejoin.onnx,dubinsrejoin_case_unsafe_69.vnnlib,9
dubinsrejoin.onnx,dubinsrejoin_case_unsafe_70.vnnlib,6
dubinsrejoin.onnx,dubinsrejoin_case_unsafe_71.vnnlib,2
dubinsrejoin.onnx,dubinsrejoin_case_unsafe_72.vnnlib,2
dubinsrejoin.onnx,dubinsrejoin_case_unsafe_73.vnnlib,6
dubinsrejoin.onnx,dubinsrejoin_case_unsafe_74.vnnlib,9
dubinsrejoin.onnx,dubinsrejoin_case_unsafe_75.vnnlib,5
dubinsrejoin.onnx,dubinsrejoin_case_unsafe_76.vnnlib,2
dubinsrejoin.onnx,dubinsrejoin_case_unsafe_77.vnnlib,5
dubinsrejoin.onnx,dubinsrejoin_case_unsafe_78.vnnlib,1
dubinsrejoin.onnx,dubinsrejoin_case_unsafe_79.vnnlib,5
dubinsrejoin.onnx,dubinsrejoin_case_unsafe_80.vnnlib,4
dubinsrejoin.onnx,dubinsrejoin_case_unsafe_81.vnnlib,4
dubinsrejoin.onnx,dubinsrejoin_case_unsafe_82.vnnlib,11
dubinsrejoin.onnx,dubinsrejoin_case_unsafe_83.vnnlib,4
dubinsrejoin.onnx,dubinsrejoin_case_unsafe_84.vnnlib,8
dubinsrejoin.onnx,dubinsrejoin_case_unsafe_85.vnnlib,5
dubinsrejoin.onnx,dubinsrejoin_case_unsafe_86.vnnlib,9
dubinsrejoin.onnx,dubinsrejoin_case_unsafe_87.vnnlib,3
dubinsrejoin.onnx,dubinsrejoin_case_unsafe_88.vnnlib,10
dubinsrejoin.onnx,dubinsrejoin_case_unsafe_89.vnnlib,5
dubinsrejoin.onnx,dubinsrejoin_case_unsafe_90.vnnlib,6
dubinsrejoin.onnx,dubinsrejoin_case_unsafe_91.vnnlib,1
dubinsrejoin.onnx,dubinsrejoin_case_unsafe_92.vnnlib,6
dubinsrejoin.onnx,dubinsrejoin_case_unsafe_93.vnnlib,3
dubinsrejoin.onnx,dubinsrejoin_case_unsafe_94.vnnlib,6
dubinsrejoin.onnx,dubinsrejoin_case_unsafe_95.vnnlib,2
